create table student (id int primary key , name varchar (20) , level varchar(10)  , age int );
insert into student values (111, 'ahmed' , '2nd' , 20);
insert into student values (222, 'rana' , '2nd' , 20);
insert into student values (333, 'ali' , '1st' , 19);
insert into student values (444, 'amir' , '1st' , 19);
insert into student values (555, 'reem' , '3rd' , 21);
insert into student values (666, 'hassan' , '3rd' , 21);
insert into student values (777, 'arwa' , '4th' , 22);
insert into student values (888, 'omar' , '4th' , 22);
insert into student values (999, 'mohamed' , '5th' , 23);
insert into student values (1010, 'malk' , '5th' , 23);
create table courses (id char (5) , name varchar (20) , hours int );
insert into courses values (123, 'Ai' , 3);
insert into courses values (345, 'Os' , 3);
insert into courses values (567, 'web' , 3);
insert into courses values (789, 'database' , 3);
insert into courses values (910, 'datascience' , 3);
insert into courses values (1011, 'datastructure' , 3);
insert into courses values (1112, 'math0' , 2 );
insert into courses values (1213, 'psychology' , 2 );
insert into courses values (1314, ' pure math' , 3);
insert into courses values (1415, 'Community issues' , 2);
CREATE TABLE admission (admission_id INT PRIMARY KEY,student_id INT,starting_date DATE,graduation_date DATE,status VARCHAR(50),FOREIGN KEY (student_id) REFERENCES Student(id));    
INSERT INTO admission (admission_id, student_id, starting_date, graduation_date , status)VALUES (121, 111, 2022, 2026,'paid');
INSERT INTO admission (admission_id, student_id, starting_date, graduation_date , status)VALUES (122, 222, 2022, 2025, 'paid');
INSERT INTO admission (admission_id, student_id, starting_date, graduation_date , status)VALUES (133, 333, 2022, 2025, 'paid');
INSERT INTO admission (admission_id, student_id, starting_date, graduation_date , status)VALUES (144, 444, 2024, 2028 , 'paid');
INSERT INTO admission (admission_id, student_id, starting_date, graduation_date , status)VALUES (155, 555, 2022, 2026, 'paid');
INSERT INTO admission (admission_id, student_id, starting_date, graduation_date , status)VALUES (166, 666, 2024, 2029, 'paid');
INSERT INTO admission (admission_id, student_id, starting_date, graduation_date , status)VALUES (177, 777, 2024, 2028 , 'paid');
INSERT INTO admission (admission_id, student_id, starting_date, graduation_date , status)VALUES (188 ,888, 2023, 2028 , 'paid');
INSERT INTO admission (admission_id, student_id, starting_date, graduation_date , status)VALUES (199, 999, 2024, 2028 , 'paid');
INSERT INTO admission (admission_id, student_id, starting_date, graduation_date , status)VALUES (100, 1010, 2024, 2029 , 'paid');
create table instructors (id char (5) , name varchar(20) , salary int);
insert into instructors values (1357, 'maged', 7000);
insert into instructors values (2468, 'amira', 9000);
insert into instructors values (1010, 'sama', 6000);
insert into instructors values (1000, 'farida', 6000);
insert into instructors values (2310, 'farah', 8000);
insert into instructors values (6893, 'youssef', 4000);
insert into instructors values (8425, 'lina', 3000);
insert into instructors values (9137, 'hany', 6000);
insert into instructors values (7220, 'alaa', 6000);
insert into instructors values (4792, 'john', 5000);
select name , salary from instructors  order by salary desc ;
select s.id as student_id,s.name,s.level,s.age,a.starting_date,a.status,
a.graduation_date from student s join admission a on s.id = a.student_id;
select * from admission where graduation_date = '2029-1-1' ;
select name , level from student where age >19 and level = '2nd' ;
select Avg(salary) as average_salary from instructors ;
select count(*) as total_courses from courses;